"Dim","true_rank","new.alpha","new.lambda.1","new.lambda.2","new.error.test","new.error.all","new.error.B","new.error.beta","new.rank","new.time","Ysf.alpha","Ysf.lambda.1","Ysf.lambda.2","Ysf.error.test","Ysf.error.all","Ysf.error.B","Ysf.error.beta","Ysf.rank","Ysf.time","simputeCov.time","simputeCov.lambda.1","simputeCov.error.test","simputeCov.error.all","simputeCov.error.beta","simputeCov.error.B","simputeCov.rank","simpute.time","simpute.lambda.1","simpute.error.test","simpute.error.all","simpute.error.beta","simpute.error.B","simpute.rank"
"400x400",20,1,0.526315789473684,0.473684210526316,0.83213149200332,0.851299508000012,4.60962609479376,1.51553042419315,21,10,1,0.526315789473684,0.521052631578947,0.87771206808603,0.874294125555705,4.79613779157306,1.51553042419315,15,14,27,4.66980971033778,0.349057444403877,0.332811191352025,0.993811473211006,1.288394262293,36,8,10.8152681465052,0.305512862429486,0.302111822534918,NA,NA,400
"600x600",20,1,0.421052631578947,0.426315789473684,0.557538522937413,0.564929180908235,3.53751807028431,1.14616708945903,17,18,1,0.315789473684211,0.426315789473684,0.552668155629732,0.562013286373539,3.53751807028431,1.13710702108309,17,24,56,6.63458117375597,0.162443157113576,0.157142637769204,0.473847059506326,0.986929660811484,31,15,7.80925262066972,0.216840471265669,0.21873860863989,NA,NA,600
"800x800",20,1,0.210526315789474,0.378947368421053,0.421712561968883,0.417053130325617,2.43857987567578,0.779620422150011,14,29,1,0.210526315789474,0.378947368421053,0.421712561968884,0.417053130325617,2.43857987567578,0.779620422150011,14,41,109,8.99299803761478,0.111304417111882,0.10827559523774,0.306311206574594,0.574071453656063,27,25,10.5630035855732,0.174311391317338,0.179342395735203,NA,NA,800
"1000x1000",20,1,0.210526315789474,0.331578947368421,0.340076097440337,0.337815507990971,1.9607469891102,0.653454075599696,15,79,1,0.210526315789474,0.331578947368421,0.340076097440337,0.337815507990972,1.9607469891102,0.653454075599696,15,85,136,10.8641788674933,0.0849391497876037,0.0831053914146402,0.210403184616644,0.544160918635112,23,28,12.8085365123144,0.167236269604096,0.173242148681449,NA,NA,1000
