"Dim","true_rank","new.alpha","new.lambda.1","new.lambda.2","new.error.test","new.error.all","new.error.B","new.error.beta","new.rank","new.time","Ysf.alpha","Ysf.lambda.1","Ysf.lambda.2","Ysf.error.test","Ysf.error.all","Ysf.error.B","Ysf.error.beta","Ysf.rank","Ysf.time","simputeCov.time","simputeCov.lambda.1","simputeCov.error.test","simputeCov.error.all","simputeCov.error.beta","simputeCov.error.B","simputeCov.rank","simpute.time","simpute.lambda.1","simpute.error.test","simpute.error.all","simpute.error.beta","simpute.error.B","simpute.rank"
"400x400",15,1,0.421052631578947,0.378947368421053,0.791714540253307,1.48854170813965,2.02952344708082,0.40990660429314,38,10,1,0.736842105263158,0.9,0.809178165964163,0.809045408052291,1.01311828127682,0.4057279820029,7,14,25,28.0177233478534,0.575045781066968,0.539137821377975,0.350806075026648,0.636404551699453,15,11,41.1643970835776,0.730650845339954,0.763727264566466,NA,NA,400
"600x600",15,1,0.315789473684211,0.521052631578947,0.603506620084143,0.678802062657789,0.873957840910641,0.257323673736319,64,16,1,0.315789473684211,0.568421052631579,0.609035243162557,0.647447792965817,0.828123857808598,0.257323673736319,46,19,36,38.7326810890761,0.350987948222543,0.331938959057298,0.202000999926738,0.392619598517047,15,21,47.9667107738107,0.523774401556657,0.598698926396084,NA,NA,600
"800x800",15,1,0.210526315789474,0.473684210526316,0.590626278974487,0.715595806112286,0.946670107143799,0.230712881521081,65,25,1,0.210526315789474,0.473684210526316,0.590626278974488,0.715595806112286,0.946670107143799,0.230712881521081,65,34,45,53.3392059202361,0.317620314877275,0.295873024212903,0.137591355070528,0.371383505874242,15,34,51.1991643474414,0.442447939253943,0.532662763071482,NA,NA,800
"1000x1000",15,1,0.210526315789474,0.521052631578947,0.527930048857436,0.603207088763487,0.796087476488291,0.1980892532009,73,35,1,0.210526315789474,0.521052631578947,0.527930048857436,0.603207088763487,0.796087476488291,0.1980892532009,73,52,77,53.1964133911817,0.267231383357912,0.254120755943953,0.12523547418825,0.315635218258476,15,55,52.2773092578619,0.388183727216591,0.473357941459372,NA,NA,1000
