"Dim","true_rank","new.alpha","new.lambda.1","new.lambda.2","new.error.test","new.error.all","new.error.B","new.error.beta","new.rank","new.time","Ysf.alpha","Ysf.lambda.1","Ysf.lambda.2","Ysf.error.test","Ysf.error.all","Ysf.error.B","Ysf.error.beta","Ysf.rank","Ysf.time","simputeCov.time","simputeCov.lambda.1","simputeCov.error.test","simputeCov.error.all","simputeCov.error.beta","simputeCov.error.B","simputeCov.rank","simpute.time","simpute.lambda.1","simpute.error.test","simpute.error.all","simpute.error.beta","simpute.error.B","simpute.rank"
"400x400",20,1,0.526315789473684,0.473684210526316,0.83213149200332,0.851299508000012,4.60962609479376,1.51553042419315,21,11,1,0.526315789473684,0.521052631578947,0.87771206808603,0.874294125555705,4.79613779157306,1.51553042419315,15,18,28,4.66980971033778,0.339771369105973,0.32392284602698,0.977719187293728,1.24368009156644,24,7,10.8152681465052,0.306162641701308,0.302725070191562,NA,NA,400
"600x600",20,1,0.421052631578947,0.426315789473684,0.557538522937413,0.564929180908235,3.53751807028431,1.14616708945903,17,19,1,0.315789473684211,0.426315789473684,0.552668155629732,0.562013286373539,3.53751807028431,1.13710702108309,17,25,61,6.63458117375597,0.156905880997304,0.151633449749052,0.467453046311152,0.947182042008716,21,15,7.80925262066972,0.218339128966733,0.220141059210986,NA,NA,600
"800x800",20,1,0.210526315789474,0.378947368421053,0.421712561968883,0.417053130325617,2.43857987567578,0.779620422150011,14,31,1,0.210526315789474,0.378947368421053,0.421712561968884,0.417053130325617,2.43857987567578,0.779620422150011,14,42,104,8.99299803761478,0.107829743187842,0.104896308594859,0.305041028765545,0.546917481703091,19,27,10.5630035855732,0.210431516844032,0.212593594958722,NA,NA,800
"1000x1000",20,1,0.210526315789474,0.331578947368421,0.340076097440337,0.337815507990971,1.9607469891102,0.653454075599696,15,85,1,0.210526315789474,0.331578947368421,0.340076097440337,0.337815507990972,1.9607469891102,0.653454075599696,15,98,148,10.8641788674933,0.0828853535488147,0.0811325964231073,0.210394231112365,0.527299796724511,17,36,12.8085365123144,0.203299214901824,0.20647364571236,NA,NA,1000
