"Dim","true_rank","new.alpha","new.lambda.1","new.lambda.2","new.error.test","new.error.all","new.error.B","new.error.beta","new.rank","new.time","Ysf.alpha","Ysf.lambda.1","Ysf.lambda.2","Ysf.error.test","Ysf.error.all","Ysf.error.B","Ysf.error.beta","Ysf.rank","Ysf.time","simputeCov.time","simputeCov.lambda.1","simputeCov.error.test","simputeCov.error.all","simputeCov.error.beta","simputeCov.error.B","simputeCov.rank","simpute.time","simpute.lambda.1","simpute.error.test","simpute.error.all","simpute.error.beta","simpute.error.B","simpute.rank"
"400x400",20,1,0.210526315789474,0.331578947368421,0.400462982967642,0.389769395992801,2.19972548621591,0.734973941177055,14,10,1,0.210526315789474,0.331578947368421,0.400462982967642,0.389769395992801,2.19972548621591,0.734973941177055,14,11,18,11.2291596183967,0.106670951037324,0.101681064391065,0.261070069437271,0.670971325841472,22,5,10.3616285402981,0.177380965164545,0.190553887669397,NA,NA,400
"600x600",20,1,0.105263157894737,0.284210526315789,0.254426834420738,0.248626976420178,1.74945801720971,0.516466723613622,15,18,1,0.105263157894737,0.284210526315789,0.254426834420738,0.248626976420178,1.74945801720971,0.516466723613622,15,24,54,12.9408267970091,0.0641480244725183,0.0619945558958852,0.164687058139274,0.648514648227558,23,13,15.2848435568804,0.128986008205878,0.146301907442217,NA,NA,600
"800x800",20,1,0.105263157894737,0.236842105263158,0.190238689622803,0.185527696003657,1.15244070009371,0.356791162942434,17,28,1,0.105263157894737,0.236842105263158,0.190238689622803,0.185527696003657,1.15244070009371,0.356791162942434,17,39,85,17.8145798735455,0.050231585138304,0.0488670329663917,0.118157858385281,0.372411322931291,19,21,0,0.0978110542478242,0.120134114246465,NA,NA,800
"1000x1000",20,1,0.105263157894737,0.236842105263158,0.170819396115681,0.168126277926152,1.13435084895331,0.289687782551496,11,101,1,0.105263157894737,0.236842105263158,0.170819396115681,0.168126277926152,1.13435084895331,0.289687782551496,11,80,101,16.2396852515432,0.0413284879886987,0.0404830890910161,0.085135188831359,0.393481801311942,19,25,0,0.071520543317327,0.0990585005706187,NA,NA,1000
