"Dim","true_rank","new.alpha","new.lambda.1","new.lambda.2","new.error.test","new.error.all","new.error.B","new.error.beta","new.rank","new.time","Ysf.alpha","Ysf.lambda.1","Ysf.lambda.2","Ysf.error.test","Ysf.error.all","Ysf.error.B","Ysf.error.beta","Ysf.rank","Ysf.time"
"400x400",15,1,0.421052631578947,0.378947368421053,0.791714540253307,1.48854170813965,2.02952344708082,0.40990660429314,38,17,1,0.736842105263158,0.9,0.809178165964163,0.809045408052291,1.01311828127682,0.4057279820029,7,17
"600x600",15,1,0.315789473684211,0.521052631578947,0.603506620084143,0.678802062657789,0.873957840910641,0.257323673736319,64,25,1,0.315789473684211,0.568421052631579,0.609035243162557,0.647447792965817,0.828123857808598,0.257323673736319,46,31
"800x800",15,1,0.210526315789474,0.473684210526316,0.590626278974487,0.715595806112286,0.946670107143799,0.230712881521081,65,42,1,0.210526315789474,0.473684210526316,0.590626278974488,0.715595806112286,0.946670107143799,0.230712881521081,65,51
"1000x1000",15,1,0.210526315789474,0.521052631578947,0.527930048857436,0.603207088763487,0.796087476488291,0.1980892532009,73,59,1,0.210526315789474,0.521052631578947,0.527930048857436,0.603207088763487,0.796087476488291,0.1980892532009,73,73
