"Dim","true_rank","new.alpha","new.lambda.1","new.lambda.2","new.error.test","new.error.all","new.error.B","new.error.beta","new.rank","new.time","Ysf.alpha","Ysf.lambda.1","Ysf.lambda.2","Ysf.error.test","Ysf.error.all","Ysf.error.B","Ysf.error.beta","Ysf.rank","Ysf.time"
"400x400",20,1,0.105263157894737,0.331578947368421,0.364658695970054,0.358557944911176,2.20273667658675,0.725682053054865,13,18,1,0.105263157894737,0.331578947368421,0.364658695970054,0.358557944911176,2.20273667658675,0.725682053054865,13,19
"600x600",20,1,0.105263157894737,0.284210526315789,0.242162502878092,0.237255496132755,1.77629136199069,0.562412933140472,18,29,1,0.105263157894737,0.284210526315789,0.242162502878093,0.237255496132756,1.7762913619907,0.562412933140472,18,33
"800x800",20,1,0.105263157894737,0.236842105263158,0.179817058788607,0.17404829191081,1.19303616556176,0.472142278087479,21,38,1,0.105263157894737,0.284210526315789,0.208018106602383,0.203694046095231,1.48251351413239,0.472142278087479,11,48
"1000x1000",20,1,0.105263157894737,0.236842105263158,0.155957746220048,0.152776052335377,1.15388622805999,0.41092462690756,13,163,1,0.105263157894737,0.236842105263158,0.155957746220048,0.152776052335377,1.15388622805999,0.41092462690756,13,216
