"Dim","true_rank","new.alpha","new.lambda.1","new.lambda.2","new.error.test","new.error.all","new.error.B","new.error.beta","new.rank","new.time","Ysf.alpha","Ysf.lambda.1","Ysf.lambda.2","Ysf.error.test","Ysf.error.all","Ysf.error.B","Ysf.error.beta","Ysf.rank","Ysf.time","simputeCov.time","simputeCov.lambda.1","simputeCov.error.test","simputeCov.error.all","simputeCov.error.beta","simputeCov.error.B","simputeCov.rank","simpute.time","simpute.lambda.1","simpute.error.test","simpute.error.all","simpute.error.beta","simpute.error.B","simpute.rank"
"400x400",20,1,0.315789473684211,0.473684210526316,0.79802229322097,0.863131197384032,5.17501618922327,1.41602630780453,21,12,1,0.315789473684211,0.521052631578947,0.837165677260345,0.854094854840181,5.0983374203399,1.41602630780453,17,18,22,3.55765590715408,0.313567276126637,0.299901929143998,174067.601284005,1.30314355882599,39,7,5.58525673200805,0.267619862907779,0.265572813776928,NA,NA,400
"600x600",20,1,0.210526315789474,0.426315789473684,0.512904245966861,0.50883779746941,3.36941621514319,1.11664496535755,19,18,1,0.210526315789474,0.473684210526316,0.558936250907568,0.552895840305803,3.80421551667851,1.11664496535755,13,25,50,6.70390258178827,0.148534784741978,0.14385922288675,96265.6682434633,0.937493504014367,31,15,8.09382826667812,0.180402749696245,0.183993362593156,NA,NA,600
"800x800",20,1,0.105263157894737,0.378947368421053,0.388074132805051,0.389598046064018,2.59838172156396,0.855324672928138,20,31,1,0.105263157894737,0.378947368421053,0.388074132805051,0.389598046064017,2.59838172156396,0.855324672928138,20,35,86,8.97970266855987,0.0990709093560001,0.0963725549554422,61541.2195313039,0.577785379388118,27,19,10.826279478091,0.143883380915373,0.149144111043605,NA,NA,800
"1000x1000",20,1,0.105263157894737,0.331578947368421,0.295206840613415,0.293037064831382,2.00522955903874,0.706422324856154,20,79,1,0.105263157894737,0.378947368421053,0.331873082033485,0.328951524691657,2.36414805790842,0.706422324856154,11,85,133,10.924269100299,0.0731675430476667,0.0716146968888267,40009.3373151175,0.547667737553229,23,29,13.3022501818734,0.126277050810299,0.132816348912803,NA,NA,1000
