"Dim","true_rank","new.alpha","new.lambda.1","new.lambda.2","new.error.test","new.error.all","new.error.B","new.error.beta","new.rank","Ysf.alpha","Ysf.lambda.1","Ysf.lambda.2","Ysf.error.test","Ysf.error.all","Ysf.error.B","Ysf.error.beta","Ysf.rank"
"400x400",20,1,4.32203389830508,0.284210526315789,0.532388090813793,0.521330182253083,4.91207292378386,4.01898009318567,15,1,2.79661016949153,0.284210526315789,0.529480192180653,0.517251890345678,4.91207292378386,4.07923179207324,15
"600x600",20,1,6.61016949152542,0.236842105263158,0.382157778799993,0.37536912825651,5.48604364068815,3.95699818983634,16,1,4.57627118644068,0.236842105263158,0.381660302566352,0.374395456717717,5.48604364068815,3.96735129635342,16
"800x800",20,1,8.64406779661017,0.189473684210526,0.345989136551815,0.339485169725825,5.17799601232865,4.02345678665888,25,1,5.33898305084746,0.236842105263158,0.376838502371451,0.372992603750719,4.92552099902935,4.02977568381284,11
"1000x1000",20,1,15,0.189473684210526,0.330324680067093,0.327912289665651,4.78444799799114,4.00090296767609,13,1,7.11864406779661,0.189473684210526,0.330051441495412,0.327253470073761,4.78444799799114,3.98198719811357,13
