"Dim","true_rank","new.alpha","new.lambda.1","new.lambda.2","new.error.test","new.error.all","new.error.B","new.error.beta","new.rank","Ysf.alpha","Ysf.lambda.1","Ysf.lambda.2","Ysf.error.test","Ysf.error.all","Ysf.error.B","Ysf.error.beta","Ysf.rank"
"400x400",20,1,7.11864406779661,0.378947368421053,0.826862404857987,0.855524688952268,6.75129741448662,3.99382402643952,30,1,7.11864406779661,0.473684210526316,0.902183546040278,0.893246863150508,6.0769049589571,3.99382402643952,13
"600x600",20,1,12.9661016949153,0.331578947368421,0.548371100143359,0.555801631114591,6.19421619994297,3.94954267764519,26,1,8.89830508474576,0.378947368421053,0.580031207509923,0.575094110703576,5.7944150855895,3.95629640525726,15
"800x800",20,1,15,0.284210526315789,0.482312976978457,0.485483452608392,5.44353633282667,4.02443269469311,27,1,10.6779661016949,0.331578947368421,0.51361683323072,0.509466115468289,5.10916066458672,4.0285718424625,14
"1000x1000",20,1,15,0.284210526315789,0.442632129012803,0.439542087792873,4.77615459967843,4.00158001946423,14,1,14.2372881355932,0.284210526315789,0.44263580758873,0.439522612819095,4.77615459967843,4.00066334993386,14
