"Dim","true_rank","new.alpha","new.lambda.1","new.lambda.2","new.error.test","new.error.all","new.error.B","new.error.beta","new.rank","new.time","Ysf.alpha","Ysf.lambda.1","Ysf.lambda.2","Ysf.error.test","Ysf.error.all","Ysf.error.B","Ysf.error.beta","Ysf.rank","Ysf.time"
"400x400",20,1,0.315789473684211,0.473684210526316,0.79802229322097,0.863131197384032,5.17501618922327,1.41602630780453,21,11,1,0.315789473684211,0.521052631578947,0.837165677260345,0.854094854840181,5.0983374203399,1.41602630780453,17,14
"600x600",20,1,0.210526315789474,0.426315789473684,0.512904245966861,0.50883779746941,3.36941621514319,1.11664496535755,19,20,1,0.210526315789474,0.473684210526316,0.558936250907568,0.552895840305803,3.80421551667851,1.11664496535755,13,23
"800x800",20,1,0.105263157894737,0.378947368421053,0.388074132805051,0.389598046064018,2.59838172156396,0.855324672928138,20,31,1,0.105263157894737,0.378947368421053,0.388074132805051,0.389598046064017,2.59838172156396,0.855324672928138,20,40
"1000x1000",20,1,0.105263157894737,0.331578947368421,0.295206840613415,0.293037064831382,2.00522955903874,0.706422324856154,20,124,1,0.105263157894737,0.378947368421053,0.331873082033485,0.328951524691657,2.36414805790842,0.706422324856154,11,137
