"Dim","true_rank","new.alpha","new.lambda.1","new.lambda.2","new.error.test","new.error.all","new.error.B","new.error.beta","new.rank","new.time","Ysf.alpha","Ysf.lambda.1","Ysf.lambda.2","Ysf.error.test","Ysf.error.all","Ysf.error.B","Ysf.error.beta","Ysf.rank","Ysf.time"
"400x400",20,1,0.210526315789474,0.331578947368421,0.400462982967642,0.389769395992801,2.19972548621591,0.734973941177055,14,11,1,0.210526315789474,0.331578947368421,0.400462982967642,0.389769395992801,2.19972548621591,0.734973941177055,14,14
"600x600",20,1,0.105263157894737,0.284210526315789,0.254426834420738,0.248626976420178,1.74945801720971,0.516466723613622,15,17,1,0.105263157894737,0.284210526315789,0.254426834420738,0.248626976420178,1.74945801720971,0.516466723613622,15,22
"800x800",20,1,0.105263157894737,0.236842105263158,0.190238689622803,0.185527696003657,1.15244070009371,0.356791162942434,17,28,1,0.105263157894737,0.236842105263158,0.190238689622803,0.185527696003657,1.15244070009371,0.356791162942434,17,40
"1000x1000",20,1,0.105263157894737,0.236842105263158,0.170819396115681,0.168126277926152,1.13435084895331,0.289687782551496,11,114,1,0.105263157894737,0.236842105263158,0.170819396115681,0.168126277926152,1.13435084895331,0.289687782551496,11,136
