"Dim","true_rank","new.alpha","new.lambda.1","new.lambda.2","new.error.test","new.error.all","new.error.B","new.error.beta","new.rank","new.time","Ysf.alpha","Ysf.lambda.1","Ysf.lambda.2","Ysf.error.test","Ysf.error.all","Ysf.error.B","Ysf.error.beta","Ysf.rank","Ysf.time","simputeCov.time","simputeCov.lambda.1","simputeCov.error.test","simputeCov.error.all","simputeCov.error.beta","simputeCov.error.B","simputeCov.rank","simpute.time","simpute.lambda.1","simpute.error.test","simpute.error.all","simpute.error.beta","simpute.error.B","simpute.rank"
"400x400",20,1,0.105263157894737,0.331578947368421,0.364658695970054,0.358557944911176,2.20273667658675,0.725682053054865,13,10,1,0.105263157894737,0.331578947368421,0.364658695970054,0.358557944911176,2.20273667658675,0.725682053054865,13,11,7,11.3613002587693,0.093628337929052,0.0894360404845277,57491.069312874,0.622212152900606,19,5,10.7368265355783,0.14589197528784,0.16199802577196,NA,NA,400
"600x600",20,1,0.105263157894737,0.284210526315789,0.242162502878092,0.237255496132755,1.77629136199069,0.562412933140472,18,18,1,0.105263157894737,0.284210526315789,0.242162502878093,0.237255496132756,1.7762913619907,0.562412933140472,18,20,12,13.0316162015967,0.0579231698628135,0.0560275215013134,30924.2069579446,0.596036828944463,20,10,15.7314107428804,0.110989300208767,0.129110375647124,NA,NA,600
"800x800",20,1,0.105263157894737,0.236842105263158,0.179817058788607,0.17404829191081,1.19303616556176,0.472142278087479,21,28,1,0.105263157894737,0.284210526315789,0.208018106602383,0.203694046095231,1.48251351413239,0.472142278087479,11,39,23,17.7228590409445,0.0428319917867511,0.0417698674947187,22874.1274407818,0.365409904025186,18,21,0,0.0839045019451276,0.104193578260488,NA,NA,800
"1000x1000",20,1,0.105263157894737,0.236842105263158,0.155957746220048,0.152776052335377,1.15388622805999,0.41092462690756,13,93,1,0.105263157894737,0.236842105263158,0.155957746220048,0.152776052335377,1.15388622805999,0.41092462690756,13,113,31,16.2256366142062,0.0354442644825228,0.0346680502228922,18642.7035629766,0.392628548719893,19,30,0,0.0608997369673556,0.0843082649442367,NA,NA,1000
