"Dim","true_rank","new.alpha","new.lambda.1","new.lambda.2","new.error.test","new.error.all","new.error.B","new.error.beta","new.rank","Ysf.alpha","Ysf.lambda.1","Ysf.lambda.2","Ysf.error.test","Ysf.error.all","Ysf.error.B","Ysf.error.beta","Ysf.rank"
"400x400",20,1,2.54237288135593,0.284210526315789,0.528087456954806,0.520551381887835,5.29170514486444,4.21308224537158,14,1,1.52542372881356,0.284210526315789,0.52333117758022,0.514026507856186,5.29170514486444,4.39782209362553,14
"600x600",20,1,15,0.236842105263158,0.3604249338301,0.354491975860312,5.8262527793018,3.94235370052819,17,1,8.64406779661017,0.236842105263158,0.360192775716235,0.353901767500227,5.8262527793018,3.94525418172723,17
"800x800",20,1,6.10169491525424,0.189473684210526,0.315963234563348,0.30892004762658,5.92727050155704,4.05991416785274,25,1,4.57627118644068,0.236842105263158,0.346088067159859,0.341730374530251,5.603422279497,4.07449423298017,11
"1000x1000",20,1,11.9491525423729,0.189473684210526,0.290162647576989,0.287686908540866,5.85846596419929,3.98716073955215,15,1,6.86440677966102,0.189473684210526,0.2899404538102,0.287179185593597,5.85846596419929,3.96609148448814,15
