"Dim","true_rank","new.alpha","new.lambda.1","new.lambda.2","new.error.test","new.error.all","new.error.B","new.error.beta","new.rank","new.time","Ysf.alpha","Ysf.lambda.1","Ysf.lambda.2","Ysf.error.test","Ysf.error.all","Ysf.error.B","Ysf.error.beta","Ysf.rank","Ysf.time","simputeCov.time","simputeCov.lambda.1","simputeCov.error.test","simputeCov.error.all","simputeCov.error.beta","simputeCov.error.B","simputeCov.rank","simpute.time","simpute.lambda.1","simpute.error.test","simpute.error.all","simpute.error.beta","simpute.error.B","simpute.rank"
"400x400",20,1,0.105263157894737,0.331578947368421,0.364658695970054,0.358557944911176,2.20273667658675,0.725682053054865,13,10,1,0.105263157894737,0.331578947368421,0.364658695970054,0.358557944911176,2.20273667658675,0.725682053054865,13,12,22,9.08904020701547,0.0994961434982902,0.094884832919837,59534.3098148179,0.657405587190215,18,6,10.7368265355783,0.178523259286055,0.189568326121159,NA,NA,400
"600x600",20,1,0.105263157894737,0.284210526315789,0.242162502878092,0.237255496132755,1.77629136199069,0.562412933140472,18,19,1,0.105263157894737,0.284210526315789,0.242162502878093,0.237255496132756,1.7762913619907,0.562412933140472,18,23,42,13.0316162015967,0.0600114691542383,0.0579782732866612,31919.2029184675,0.608956939307277,17,11,0,0.125931659471717,0.141600129077812,NA,NA,600
"800x800",20,1,0.105263157894737,0.236842105263158,0.179817058788607,0.17404829191081,1.19303616556176,0.472142278087479,21,30,1,0.105263157894737,0.284210526315789,0.208018106602383,0.203694046095231,1.48251351413239,0.472142278087479,11,42,82,13.2921442807084,0.0440232400569853,0.0428074283099309,22982.0271700427,0.375287927612727,17,22,0,0.0991370921740181,0.116947860361489,NA,NA,800
"1000x1000",20,1,0.105263157894737,0.236842105263158,0.155957746220048,0.152776052335377,1.15388622805999,0.41092462690756,13,92,1,0.105263157894737,0.236842105263158,0.155957746220048,0.152776052335377,1.15388622805999,0.41092462690756,13,93,107,16.2256366142062,0.0354148558163203,0.0346534255767719,18990.8051657021,0.390906458353336,15,26,0,0.0900334324314785,0.108755323068927,NA,NA,1000
