"Dim","true_rank","new.alpha","new.lambda.1","new.lambda.2","new.error.test","new.error.all","new.error.B","new.error.beta","new.rank","Ysf.alpha","Ysf.lambda.1","Ysf.lambda.2","Ysf.error.test","Ysf.error.all","Ysf.error.B","Ysf.error.beta","Ysf.rank"
"200x200",15,1,0,0.0473684210526316,0.948102371058297,9.10472224068728,13.3492785406075,0.824114540506553,186,1,1.15384615384615,0.757894736842105,0.845278689026047,0.834922260490084,0.980641060449723,0.5590475103623,15
"400x400",15,1,0.384615384615385,0.331578947368421,0.80459172144019,1.73089196118095,2.38979919703045,0.41598433413713,58,1,0.769230769230769,0.9,0.810013567930379,0.80983383173787,1.01311828127682,0.408129810688614,7
"600x600",15,1,0.256410256410256,0.521052631578947,0.602055710802651,0.67934642470662,0.873957840910641,0.25914377285873,64,1,0.384615384615385,0.568421052631579,0.61101562600071,0.648166678435596,0.828123857808598,0.259517423272789,46
"800x800",15,1,0.256410256410256,0.426315789473684,0.599375205898662,0.804331387808521,1.07843109707604,0.229024383977471,95,1,0.256410256410256,0.473684210526316,0.591407830586196,0.715060354124533,0.946670107143799,0.229024383977471,65
