"Dim","true_rank","new.alpha","new.lambda.1","new.lambda.2","new.error.test","new.error.all","new.error.B","new.error.beta","new.rank","Ysf.alpha","Ysf.lambda.1","Ysf.lambda.2","Ysf.error.test","Ysf.error.all","Ysf.error.B","Ysf.error.beta","Ysf.rank"
"200x200",15,1,2.05128205128205,0.426315789473684,1.56665192876635,3.08696236064366,15.1177144415717,4.93966134568125,25,1,3.07692307692308,0.426315789473684,1.56418654385273,3.06596360951264,15.1177144415717,4.58930554446093,25
"400x400",15,1,5,0.378947368421053,0.815634421732217,0.802202463948606,4.01888961497617,4.17005251142713,15,1,5,0.426315789473684,0.913369056199362,0.90347334954145,4.20839418147881,4.17005251142713,6
"600x600",15,1,4.1025641025641,0.331578947368421,0.590196567282611,0.588242264408757,4.00325030138043,4.18664095133087,13,1,4.61538461538461,0.331578947368421,0.590193960823954,0.588297823664764,4.00325030138043,4.17828213529074,13
"800x800",15,1,3.33333333333333,0.284210526315789,0.506136366873186,0.500615155181355,3.76109811039596,4.23915436820414,13,1,5,0.284210526315789,0.506554264807646,0.50120852058653,3.76109811039596,4.17075848843939,13
