"Dim","true_rank","new.alpha","new.lambda.1","new.lambda.2","new.error.test","new.error.all","new.error.B","new.error.beta","new.rank","Ysf.alpha","Ysf.lambda.1","Ysf.lambda.2","Ysf.error.test","Ysf.error.all","Ysf.error.B","Ysf.error.beta","Ysf.rank"
"400x400",20,1,6.61016949152542,0.378947368421053,0.852920020563033,1.06235085521456,8.96793641812139,4.04890223214466,29,1,3.8135593220339,0.426315789473684,0.858044217275975,0.960859100069151,7.55977826910928,4.1627941757884,19
"600x600",20,1,15,0.331578947368421,0.533668571914722,0.559856755115318,6.63623565653699,3.94614097276165,25,1,14.4915254237288,0.378947368421053,0.56343786046176,0.563620333167567,6.02315392763051,3.94645184250034,16
"800x800",20,1,9.40677966101695,0.284210526315789,0.448322463288635,0.450789190237608,6.07118193081537,4.04828339362524,28,1,9.66101694915254,0.331578947368421,0.477000212894272,0.473063720136531,5.646852191832,4.04735732698236,13
"1000x1000",20,1,15,0.284210526315789,0.394439905949594,0.39124408107636,5.65090723155008,3.99604538698915,16,1,12.4576271186441,0.284210526315789,0.394450033597629,0.39118035876252,5.65090723155008,3.99164761663259,16
