"Dim","true_rank","new.alpha","new.lambda.1","new.lambda.2","new.error.test","new.error.all","new.error.B","new.error.beta","new.rank","Ysf.alpha","Ysf.lambda.1","Ysf.lambda.2","Ysf.error.test","Ysf.error.all","Ysf.error.B","Ysf.error.beta","Ysf.rank"
"400x400",15,1,0.315789473684211,0.615789473684211,0.813482448717303,1.01608994974867,1.30981154322777,0.433046050282241,9,0.996444444444444,0.473684210526316,0.236842105263158,0.758325038145982,0.870473519161868,1.10596196945829,0.403974977403576,120
"600x600",15,1,0.157894736842105,0.568421052631579,0.610251444075277,0.652364270982654,0.828123857808598,0.273226303822348,46,1,0.315789473684211,0.568421052631579,0.609035243162557,0.647447792965817,0.828123857808598,0.257323673736319,46
"800x800",15,1,0.157894736842105,0.521052631578947,0.610946166018917,0.692032308633854,0.909174439977478,0.236476569434235,42,1,0.157894736842105,0.473684210526316,0.590791135436387,0.717436466331285,0.946670107143799,0.236476569434235,65
"1000x1000",15,1,0.157894736842105,0.521052631578947,0.527268149669333,0.60389008313242,0.796087476488291,0.200270058117068,73,1,0.157894736842105,0.521052631578947,0.527268149669333,0.60389008313242,0.796087476488291,0.200270058117068,73
