"Dim","true_rank","new.alpha","new.lambda.1","new.lambda.2","new.error.test","new.error.all","new.error.B","new.error.beta","new.rank","new.time","Ysf.alpha","Ysf.lambda.1","Ysf.lambda.2","Ysf.error.test","Ysf.error.all","Ysf.error.B","Ysf.error.beta","Ysf.rank","Ysf.time","simputeCov.time","simputeCov.lambda.1","simputeCov.error.test","simputeCov.error.all","simputeCov.error.beta","simputeCov.error.B","simputeCov.rank","simpute.time","simpute.lambda.1","simpute.error.test","simpute.error.all","simpute.error.beta","simpute.error.B","simpute.rank"
"400x400",20,1,0.105263157894737,0.331578947368421,0.364658695970054,0.358557944911176,2.20273667658675,0.725682053054865,13,12,1,0.105263157894737,0.331578947368421,0.364658695970054,0.358557944911176,2.20273667658675,0.725682053054865,13,14,19,11.3613002587693,0.101738775578937,0.0968090140102183,59801.6806602417,0.663986856238804,20,6,10.7368265355783,0.14589197528784,0.16199802577196,NA,NA,400
"600x600",20,1,0.105263157894737,0.284210526315789,0.242162502878092,0.237255496132755,1.77629136199069,0.562412933140472,18,20,1,0.105263157894737,0.284210526315789,0.242162502878093,0.237255496132756,1.7762913619907,0.562412933140472,18,26,55,13.0316162015967,0.0611645543557579,0.0590401522965922,31873.6675792482,0.618915054709158,22,14,15.7314107428804,0.110989300208767,0.129110375647124,NA,NA,600
"800x800",20,1,0.105263157894737,0.236842105263158,0.179817058788607,0.17404829191081,1.19303616556176,0.472142278087479,21,31,1,0.105263157894737,0.284210526315789,0.208018106602383,0.203694046095231,1.48251351413239,0.472142278087479,11,41,73,17.7228590409445,0.0452361640104119,0.0439641502406394,23384.7502060778,0.383117993800439,19,16,0,0.0839045019451276,0.104193578260488,NA,NA,800
"1000x1000",20,1,0.105263157894737,0.236842105263158,0.155957746220048,0.152776052335377,1.15388622805999,0.41092462690756,13,69,1,0.105263157894737,0.236842105263158,0.155957746220048,0.152776052335377,1.15388622805999,0.41092462690756,13,80,115,16.2256366142062,0.0362553828684178,0.0354239212221246,18959.9419534885,0.398801642110116,19,24,0,0.0608997369673556,0.0843082649442367,NA,NA,1000
