"dimension","RMSE_A","RMSE_beta","RMSE_B","test_error","rank","alpha","lambda_1","lambda_2"
400,0,0,0,0,0,NA,NA,NA
600,3.31954027155569,0.577365960713106,3.05714092422319,0.608106727690739,74,1,0,0.615789473684211
800,3.07811063856134,0.501729227689767,2.86534861715787,0.522180060224061,88,1,0,0.568421052631579
1000,2.77328068454143,0.441686742096651,2.59067313582604,0.452786754793521,86.9333333333333,1,0,0.615789473684211
